Workbook

Sheet StudendEnroll
A1: Name | B1: Surname | C1: email | D1: Class
A2: John | B2: Makaron | C2: =A2&B2&"@gmail.com" -> JohnMakaron@gmail.com | D2: Physics1
A3: Elvis | B3: Bond | C3: =A3&B3&"@gmail.com" -> ElvisBond@gmail.com | D3: Maths1
A4: Mary | B4: Gas | C4: =A4&B4&"@gmail.com" -> MaryGas@gmail.com | D4: Maths1
A5: Olivia | B5: Matt | C5: =A5&B5&"@gmail.com" -> OliviaMatt@gmail.com | D5: Physics1
A6: Robert | B6: Hus | C6: =A6&B6&"@gmail.com" -> RobertHus@gmail.com | D6: Maths1
A7: Omar | B7: Kasim | C7: =A7&B7&"@gmail.com" -> OmarKasim@gmail.com | D7: Maths1
A8: Diana | B8: Pinto | C8: =A8&B8&"@gmail.com" -> DianaPinto@gmail.com | D8: Physics1
A9: Denis | B9: Rodman | C9: =A9&B9&"@gmail.com" -> DenisRodman@gmail.com | D9: Maths1
A10: Kate | B10: Potter | C10: =A10&B10&"@gmail.com" -> KatePotter@gmail.com | D10: Physics1
A11: Manny | B11: Pac | C11: =A11&B11&"@gmail.com" -> MannyPac@gmail.com | D11: Physics1
A12: Katy | B12: Perri | C12: =A12&B12&"@gmail.com" -> KatyPerri@gmail.com | D12: Physics1
A13: Antony | B13: Ward | C13: =A13&B13&"@gmail.com" -> AntonyWard@gmail.com | D13: Physics1
... A18: Dennis | B18: Menace | C18: =A18&B18&"@gmail.com" -> DennisMenace@gmail.com | D18: Maths1
A19: Ronald | B19: Pape | C19: RonaldPape@gmail.com | D19: Maths1
A20: Walid | B20: Matip | C20: =A20&B20&"@gmail.com" -> WalidMatip@gmail.com | D20: Maths1
A21: Donna | B21: Corleone | C21: =A21&B21&"@gmail.com" -> DonnaCorleone@gmail.com | D21: Maths1
A22: Mary | B22: Connan | C22: =A22&B22&"@gmail.com" -> MaryConnan@gmail.com | D22: Maths1
A23: Dustin | B23: Boier | C23: =A23&B23&"@gmail.com" -> DustinBoier@gmail.com | D23: Maths1
A24: Lana | B24: Andie | C24: =A24&B24&"@gmail.com" -> LanaAndie@gmail.com | D24: Maths1
A25: Anna | B25: Tsakiris | C25: =A25&B25&"@gmail.com" -> AnnaTsakiris@gmail.com | D25: Physics1
A26: Neto | B26: Juninhio | C26: =A26&B26&"@gmail.com" -> NetoJuninhio@gmail.com | D26: Physics1
A27: Andres | B27: Iniesti | C27: =A27&B27&"@gmail.com" -> AndresIniesti@gmail.com | D27: Maths1

Sheet StudentTracker
A1: Name | B1: Surname | C1: email | D1: Class | E1: Attendance | F1: 1st test score | G1: 2nd test score | H1: Final Project Completed | I1: Certificate Grade
A2: John | B2: Makaron | C2: =StudendEnroll!C2 -> JohnMakaron@gmail.com | D2: Physics1 | E2: {=IF(D2=$O$3,(XLOOKUP(C2,Physics1.DailyAttendance!$D$2:$D$12,Physics1.DailyAttendance!$U$2:$U$12)),XLOOKUP(C2,Maths1.DailyAttendance!$D$2:$D$16,Maths1.DailyAttendance!$P$2:$P$16))} -> 0.8 | F2: {=XLOOKUP(C2,StudentAssignments!$C$2:$C$27,StudentAssignments!$E$2:$E$27)} -> 85 | G2: {=XLOOKUP(C2,StudentAssignments!$C$2:$C$27,StudentAssignments!$F$2:$F$27)} -> 87 | H2: {=XLOOKUP(C2,StudentAssignments!$C$2:$C$27,StudentAssignments!$G$2:$G$27)} -> Yes | I2: {=XLOOKUP(StudentTracker!C2,'Certificate Score'!$C$2:$C$27,'Certificate Score'!$J$2:$J$27)} -> Excellent | O2: Classes
A3: Elvis | B3: Bond | C3: =StudendEnroll!C3 -> ElvisBond@gmail.com | D3: Maths1 | E3: {=IF(D3=$O$3,(XLOOKUP(C3,Physics1.DailyAttendance!$D$2:$D$12,Physics1.DailyAttendance!$U$2:$U$12)),XLOOKUP(C3,Maths1.DailyAttendance!$D$2:$D$16,Maths1.DailyAttendance!$P$2:$P$16))} -> 1 | F3: {=XLOOKUP(C3,StudentAssignments!$C$2:$C$27,StudentAssignments!$E$2:$E$27)} -> 96 | G3: {=XLOOKUP(C3,StudentAssignments!$C$2:$C$27,StudentAssignments!$F$2:$F$27)} -> 88 | H3: {=XLOOKUP(C3,StudentAssignments!$C$2:$C$27,StudentAssignments!$G$2:$G$27)} -> Yes | I3: {=XLOOKUP(StudentTracker!C3,'Certificate Score'!$C$2:$C$27,'Certificate Score'!$J$2:$J$27)} -> Excellent | O3: Physics1
A4: Mary | B4: Gas | C4: =StudendEnroll!C4 -> MaryGas@gmail.com | D4: Maths1 | E4: {=IF(D4=$O$3,(XLOOKUP(C4,Physics1.DailyAttendance!$D$2:$D$12,Physics1.DailyAttendance!$U$2:$U$12)),XLOOKUP(C4,Maths1.DailyAttendance!$D$2:$D$16,Maths1.DailyAttendance!$P$2:$P$16))} -> 1 | F4: {=XLOOKUP(C4,StudentAssignments!$C$2:$C$27,StudentAssignments!$E$2:$E$27)} -> 55 | G4: {=XLOOKUP(C4,StudentAssignments!$C$2:$C$27,StudentAssignments!$F$2:$F$27)} -> 66 | H4: {=XLOOKUP(C4,StudentAssignments!$C$2:$C$27,StudentAssignments!$G$2:$G$27)} -> No | I4: {=XLOOKUP(StudentTracker!C4,'Certificate Score'!$C$2:$C$27,'Certificate Score'!$J$2:$J$27)} -> Fail | O4: Maths1
A5: Olivia | B5: Matt | C5: =StudendEnroll!C5 -> OliviaMatt@gmail.com | D5: Physics1 | E5: {=IF(D5=$O$3,(XLOOKUP(C5,Physics1.DailyAttendance!$D$2:$D$12,Physics1.DailyAttendance!$U$2:$U$12)),XLOOKUP(C5,Maths1.DailyAttendance!$D$2:$D$16,Maths1.DailyAttendance!$P$2:$P$16))} -> 0.8 | F5: {=XLOOKUP(C5,StudentAssignments!$C$2:$C$27,StudentAssignments!$E$2:$E$27)} -> 88 | G5: {=XLOOKUP(C5,StudentAssignments!$C$2:$C$27,StudentAssignments!$F$2:$F$27)} -> 75 | H5: {=XLOOKUP(C5,StudentAssignments!$C$2:$C$27,StudentAssignments!$G$2:$G$27)} -> Yes | I5: {=XLOOKUP(StudentTracker!C5,'Certificate Score'!$C$2:$C$27,'Certificate Score'!$J$2:$J$27)} -> Excellent
A6: Robert | B6: Hus | C6: =StudendEnroll!C6 -> RobertHus@gmail.com | D6: Maths1 | E6: {=IF(D6=$O$3,(XLOOKUP(C6,Physics1.DailyAttendance!$D$2:$D$12,Physics1.DailyAttendance!$U$2:$U$12)),XLOOKUP(C6,Maths1.DailyAttendance!$D$2:$D$16,Maths1.DailyAttendance!$P$2:$P$16))} -> 1 | F6: {=XLOOKUP(C6,StudentAssignments!$C$2:$C$27,StudentAssignments!$E$2:$E$27)} -> 81 | G6: {=XLOOKUP(C6,StudentAssignments!$C$2:$C$27,StudentAssignments!$F$2:$F$27)} -> 99 | H6: {=XLOOKUP(C6,StudentAssignments!$C$2:$C$27,StudentAssignments!$G$2:$G$27)} -> Yes | I6: {=XLOOKUP(StudentTracker!C6,'Certificate Score'!$C$2:$C$27,'Certificate Score'!$J$2:$J$27)} -> Excellent
A7: Omar | B7: Kasim | C7: =StudendEnroll!C7 -> OmarKasim@gmail.com | D7: Maths1 | E7: {=IF(D7=$O$3,(XLOOKUP(C7,Physics1.DailyAttendance!$D$2:$D$12,Physics1.DailyAttendance!$U$2:$U$12)),XLOOKUP(C7,Maths1.DailyAttendance!$D$2:$D$16,Maths1.DailyAttendance!$P$2:$P$16))} -> 0.4 | F7: {=XLOOKUP(C7,StudentAssignments!$C$2:$C$27,StudentAssignments!$E$2:$E$27)} -> 77 | G7: {=XLOOKUP(C7,StudentAssignments!$C$2:$C$27,StudentAssignments!$F$2:$F$27)} -> 87 | H7: {=XLOOKUP(C7,StudentAssignments!$C$2:$C$27,StudentAssignments!$G$2:$G$27)} -> Yes | I7: {=XLOOKUP(StudentTracker!C7,'Certificate Score'!$C$2:$C$27,'Certificate Score'!$J$2:$J$27)} -> Good
A8: Diana | B8: Pinto | C8: =StudendEnroll!C8 -> DianaPinto@gmail.com | D8: Physics1 | E8: {=IF(D8=$O$3,(XLOOKUP(C8,Physics1.DailyAttendance!$D$2:$D$12,Physics1.DailyAttendance!$U$2:$U$12)),XLOOKUP(C8,Maths1.DailyAttendance!$D$2:$D$16,Maths1.DailyAttendance!$P$2:$P$16))} -> 0.4 | F8: {=XLOOKUP(C8,StudentAssignments!$C$2:$C$27,StudentAssignments!$E$2:$E$27)} -> 69 | G8: {=XLOOKUP(C8,StudentAssignments!$C$2:$C$27,StudentAssignments!$F$2:$F$27)} -> 33 | H8: {=XLOOKUP(C8,StudentAssignments!$C$2:$C$27,StudentAssignments!$G$2:$G$27)} -> Yes | I8: {=XLOOKUP(StudentTracker!C8,'Certificate Score'!$C$2:$C$27,'Certificate Score'!$J$2:$J$27)} -> Fail
A9: Denis | B9: Rodman | C9: =StudendEnroll!C9 -> DenisRodman@gmail.com | D9: Maths1 | E9: {=IF(D9=$O$3,(XLOOKUP(C9,Physics1.DailyAttendance!$D$2:$D$12,Physics1.DailyAttendance!$U$2:$U$12)),XLOOKUP(C9,Maths1.DailyAttendance!$D$2:$D$16,Maths1.DailyAttendance!$P$2:$P$16))} -> 0.8 | F9: {=XLOOKUP(C9,StudentAssignments!$C$2:$C$27,StudentAssignments!$E$2:$E$27)} -> 80 | G9: {=XLOOKUP(C9,StudentAssignments!$C$2:$C$27,StudentAssignments!$F$2:$F$27)} -> 78 | H9: {=XLOOKUP(C9,StudentAssignments!$C$2:$C$27,StudentAssignments!$G$2:$G$27)} -> Yes | I9: {=XLOOKUP(StudentTracker!C9,'Certificate Score'!$C$2:$C$27,'Certificate Score'!$J$2:$J$27)} -> Excellent
A10: Kate | B10: Potter | C10: =StudendEnroll!C10 -> KatePotter@gmail.com | D10: Physics1 | E10: {=IF(D10=$O$3,(XLOOKUP(C10,Physics1.DailyAttendance!$D$2:$D$12,Physics1.DailyAttendance!$U$2:$U$12)),XLOOKUP(C10,Maths1.DailyAttendance!$D$2:$D$16,Maths1.DailyAttendance!$P$2:$P$16))} -> 1 | F10: {=XLOOKUP(C10,StudentAssignments!$C$2:$C$27,StudentAssignments!$E$2:$E$27)} -> 100 | G10: {=XLOOKUP(C10,StudentAssignments!$C$2:$C$27,StudentAssignments!$F$2:$F$27)} -> 84 | H10: {=XLOOKUP(C10,StudentAssignments!$C$2:$C$27,StudentAssignments!$G$2:$G$27)} -> Yes | I10: {=XLOOKUP(StudentTracker!C10,'Certificate Score'!$C$2:$C$27,'Certificate Score'!$J$2:$J$27)} -> Excellent
A11: Manny | B11: Pac | C11: =StudendEnroll!C11 -> MannyPac@gmail.com | D11: Physics1 | E11: {=IF(D11=$O$3,(XLOOKUP(C11,Physics1.DailyAttendance!$D$2:$D$12,Physics1.DailyAttendance!$U$2:$U$12)),XLOOKUP(C11,Maths1.DailyAttendance!$D$2:$D$16,Maths1.DailyAttendance!$P$2:$P$16))} -> 0.6 | F11: {=XLOOKUP(C11,StudentAssignments!$C$2:$C$27,StudentAssignments!$E$2:$E$27)} -> 70 | G11: {=XLOOKUP(C11,StudentAssignments!$C$2:$C$27,StudentAssignments!$F$2:$F$27)} -> 79 | H11: {=XLOOKUP(C11,StudentAssignments!$C$2:$C$27,StudentAssignments!$G$2:$G$27)} -> Yes | I11: {=XLOOKUP(StudentTracker!C11,'Certificate Score'!$C$2:$C$27,'Certificate Score'!$J$2:$J$27)} -> Good
A12: Katy | B12: Perri | C12: =StudendEnroll!C12 -> KatyPerri@gmail.com | D12: Physics1 | E12: {=IF(D12=$O$3,(XLOOKUP(C12,Physics1.DailyAttendance!$D$2:$D$12,Physics1.DailyAttendance!$U$2:$U$12)),XLOOKUP(C12,Maths1.DailyAttendance!$D$2:$D$16,Maths1.DailyAttendance!$P$2:$P$16))} -> 1 | F12: {=XLOOKUP(C12,StudentAssignments!$C$2:$C$27,StudentAssignments!$E$2:$E$27)} -> 43 | G12: {=XLOOKUP(C12,StudentAssignments!$C$2:$C$27,StudentAssignments!$F$2:$F$27)} -> 100 | H12: {=XLOOKUP(C12,StudentAssignments!$C$2:$C$27,StudentAssignments!$G$2:$G$27)} -> Yes | I12: {=XLOOKUP(StudentTracker!C12,'Certificate Score'!$C$2:$C$27,'Certificate Score'!$J$2:$J$27)} -> Excellent
A13: Antony | B13: Ward | C13: =StudendEnroll!C13 -> AntonyWard@gmail.com | D13: Physics1 | E13: {=IF(D13=$O$3,(XLOOKUP(C13,Physics1.DailyAttendance!$D$2:$D$12,Physics1.DailyAttendance!$U$2:$U$12)),XLOOKUP(C13,Maths1.DailyAttendance!$D$2:$D$16,Maths1.DailyAttendance!$P$2:$P$16))} -> 0.8 | F13: {=XLOOKUP(C13,StudentAssignments!$C$2:$C$27,StudentAssignments!$E$2:$E$27)} -> 82 | G13: {=XLOOKUP(C13,StudentAssignments!$C$2:$C$27,StudentAssignments!$F$2:$F$27)} -> 88 | H13: {=XLOOKUP(C13,StudentAssignments!$C$2:$C$27,StudentAssignments!$G$2:$G$27)} -> Yes | I13: {=XLOOKUP(StudentTracker!C13,'Certificate Score'!$C$2:$C$27,'Certificate Score'!$J$2:$J$27)} -> Excellent
A14: Billy | B14: Sane | C14: =StudendEnroll!C14 -> BillySane@gmail.com | D14: Physics1 | E14: {=IF(D14=$O$3,(XLOOKUP(C14,Physics1.DailyAttendance!$D$2:$D$12,Physics1.DailyAttendance!$U$2:$U$12)),XLOOKUP(C14,Maths1.DailyAttendance!$D$2:$D$16,Maths1.DailyAttendance!$P$2:$P$16))} -> 0.6 | F14: {=XLOOKUP(C14,StudentAssignments!$C$2:$C$27,StudentAssignments!$E$2:$E$27)} -> 75 | G14: {=XLOOKUP(C14,StudentAssignments!$C$2:$C$27,StudentAssignments!$F$2:$F$27)} -> 81 | H14: {=XLOOKUP(C14,StudentAssignments!$C$2:$C$27,StudentAssignments!$G$2:$G$27)} -> Yes | I14: {=XLOOKUP(StudentTracker!C14,'Certificate Score'!$C$2:$C$27,'Certificate Score'!$J$2:$J$27)} -> Good
A15: Ronald | B15: Connan | C15: =StudendEnroll!C15 -> RonaldConnan@gmail.com | D15: Physics1 | E15: {=IF(D15=$O$3,(XLOOKUP(C15,Physics1.DailyAttendance!$D$2:$D$12,Physics1.DailyAttendance!$U$2:$U$12)),XLOOKUP(C15,Maths1.DailyAttendance!$D$2:$D$16,Maths1.DailyAttendance!$P$2:$P$16))} -> 0.6 | F15: {=XLOOKUP(C15,StudentAssignments!$C$2:$C$27,StudentAssignments!$E$2:$E$27)} -> 92 | G15: {=XLOOKUP(C15,StudentAssignments!$C$2:$C$27,StudentAssignments!$F$2:$F$27)} -> 79 | H15: {=XLOOKUP(C15,StudentAssignments!$C$2:$C$27,StudentAssignments!$G$2:$G$27)} -> Yes | I15: {=XLOOKUP(StudentTracker!C15,'Certificate Score'!$C$2:$C$27,'Certificate Score'!$J$2:$J$27)} -> Good
A16: John | B16: Baderas | C16: =StudendEnroll!C16 -> JohnBaderas@gmail.com | D16: Maths1 | E16: {=IF(D16=$O$3,(XLOOKUP(C16,Physics1.DailyAttendance!$D$2:$D$12,Physics1.DailyAttendance!$U$2:$U$12)),XLOOKUP(C16,Maths1.DailyAttendance!$D$2:$D$16,Maths1.DailyAttendance!$P$2:$P$16))} -> 0.8 | F16: {=XLOOKUP(C16,StudentAssignments!$C$2:$C$27,StudentAssignments!$E$2:$E$27)} -> 60 | G16: {=XLOOKUP(C16,StudentAssignments!$C$2:$C$27,StudentAssignments!$F$2:$F$27)} -> 94 | H16: {=XLOOKUP(C16,StudentAssignments!$C$2:$C$27,StudentAssignments!$G$2:$G$27)} -> Yes | I16: {=XLOOKUP(StudentTracker!C16,'Certificate Score'!$C$2:$C$27,'Certificate Score'!$J$2:$J$27)} -> Good
... A27: Andres | B27: Iniesti | C27: =StudendEnroll!C27 -> AndresIniesti@gmail.com | D27: Maths1 | E27: {=IF(D27=$O$3,(XLOOKUP(C27,Physics1.DailyAttendance!$D$2:$D$12,Physics1.DailyAttendance!$U$2:$U$12)),XLOOKUP(C27,Maths1.DailyAttendance!$D$2:$D$16,Maths1.DailyAttendance!$P$2:$P$16))} -> 0.8 | F27: {=XLOOKUP(C27,StudentAssignments!$C$2:$C$27,StudentAssignments!$E$2:$E$27)} -> 90 | G27: {=XLOOKUP(C27,StudentAssignments!$C$2:$C$27,StudentAssignments!$F$2:$F$27)} -> 87 | H27: {=XLOOKUP(C27,StudentAssignments!$C$2:$C$27,StudentAssignments!$G$2:$G$27)} -> Yes | I27: {=XLOOKUP(StudentTracker!C27,'Certificate Score'!$C$2:$C$27,'Certificate Score'!$J$2:$J$27)} -> Excellent

Sheet Detail2-Good-Maths1
A1: Name | B1: Surname | C1: email | D1: Class | E1: Attendance | F1: 1st test score | G1: 2nd test score | H1: Final Project Completed | I1: Certificate Grade
A2: Omar | B2: Kasim | C2: OmarKasim@gmail.com | D2: Maths1 | E2: 0.4 | F2: 77 | G2: 87 | H2: Yes | I2: Good
A3: John | B3: Baderas | C3: JohnBaderas@gmail.com | D3: Maths1 | E3: 0.8 | F3: 60 | G3: 94 | H3: Yes | I3: Good
A4: Ronald | B4: Connan | C4: RonaldConnan@gmail.com | D4: Maths1 | E4: 0.4 | F4: 92 | G4: 79 | H4: Yes | I4: Good
A5: Ronald | B5: Pape | C5: RonaldPape@gmail.com | D5: Maths1 | E5: 0.6 | F5: 73 | G5: 68 | H5: Yes | I5: Good
A6: Mary | B6: Connan | C6: MaryConnan@gmail.com | D6: Maths1 | E6: 0.6 | F6: 100 | G6: 91 | H6: Yes | I6: Good

Sheet Detail1-Good-Physics1
A1: Name | B1: Surname | C1: email | D1: Class | E1: Attendance | F1: 1st test score | G1: 2nd test score | H1: Final Project Completed | I1: Certificate Grade
A2: Manny | B2: Pac | C2: MannyPac@gmail.com | D2: Physics1 | E2: 0.6 | F2: 70 | G2: 79 | H2: Yes | I2: Good
A3: Billy | B3: Sane | C3: BillySane@gmail.com | D3: Physics1 | E3: 0.6 | F3: 75 | G3: 81 | H3: Yes | I3: Good
A4: Ronald | B4: Connan | C4: RonaldConnan@gmail.com | D4: Physics1 | E4: 0.6 | F4: 92 | G4: 79 | H4: Yes | I4: Good
A5: Anna | B5: Tsakiris | C5: AnnaTsakiris@gmail.com | D5: Physics1 | E5: 0.8 | F5: 71 | G5: 79 | H5: Yes | I5: Good

Sheet Physics1.DailyAttendance
A1: Physics1 | B1: Name | C1: Surname | D1: email | E1: Class | F1: Week1 Day1 | G1: Week1 Day2 | H1: Week1 Day3 | I1: Week1 Day4 | J1: Week1 Day5 | K1: Week2 Day1 | L1: Week2 Day2 | M1: Week2 Day3 | N1: Week2 Day4 | O1: Week2 Day5 | P1: Week1 Attendance | Q1: Week2 Attendance | R1: 1st Projoct Score | S1: 2nd Project Score | T1: Final Project Completed | U1: Overall Attendance
B2: =IFERROR(__xludf.DUMMYFUNCTION("FILTER(StudendEnroll!A2:D27,StudendEnroll!D2:D27=A1)"),"John") -> John | C2: =IFERROR(__xludf.DUMMYFUNCTION("""COMPUTED_VALUE"""),"Makaron") -> Makaron | D2: =IFERROR(__xludf.DUMMYFUNCTION("""COMPUTED_VALUE"""),"JohnMakaron@gmail.com") -> JohnMakaron@gmail.com | E2: =IFERROR(__xludf.DUMMYFUNCTION("""COMPUTED_VALUE"""),"Physics1") -> Physics1 | F2: P | G2: P | H2: P | I2: A | J2: P | K2: P | L2: P | M2: P | N2: A | O2: P | P2: =COUNTIF(F2:J2,"P")/COUNTA(F2:J2) -> 0.8 | Q2: =COUNTIF(K2:O2,"P")/COUNTA(K2:O2) -> 0.8 | R2: 85 | S2: 87 | T2: Yes | U2: =SUM(P2:Q2)/2 -> 0.8
B3: =IFERROR(__xludf.DUMMYFUNCTION("""COMPUTED_VALUE"""),"Olivia") -> Olivia | C3: =IFERROR(__xludf.DUMMYFUNCTION("""COMPUTED_VALUE"""),"Matt") -> Matt | D3: =IFERROR(__xludf.DUMMYFUNCTION("""COMPUTED_VALUE"""),"OliviaMatt@gmail.com") -> OliviaMatt@gmail.com | E3: =IFERROR(__xludf.DUMMYFUNCTION("""COMPUTED_VALUE"""),"Physics1") -> Physics1 | F3: P | G3: P | H3: P | I3: P | J3: A | K3: P | L3: P | M3: P | N3: P | O3: A | P3: =COUNTIF(F3:J3,"P")/COUNTA(F3:J3) -> 0.8 | Q3: =COUNTIF(K3:O3,"P")/COUNTA(K3:O3) -> 0.8 | R3: 88 | S3: 75 | T3: Yes | U3: =SUM(P3:Q3)/2 -> 0.8
B4: =IFERROR(__xludf.DUMMYFUNCTION("""COMPUTED_VALUE"""),"Diana") -> Diana | C4: =IFERROR(__xludf.DUMMYFUNCTION("""COMPUTED_VALUE"""),"Pinto") -> Pinto | D4: =IFERROR(__xludf.DUMMYFUNCTION("""COMPUTED_VALUE"""),"DianaPinto@gmail.com") -> DianaPinto@gmail.com | E4: =IFERROR(__xludf.DUMMYFUNCTION("""COMPUTED_VALUE"""),"Physics1") -> Physics1 | F4: A | G4: A | H4: P | I4: A | J4: P | K4: A | L4: A | M4: P | N4: A | O4: P | P4: =COUNTIF(F4:J4,"P")/COUNTA(F4:J4) -> 0.4 | Q4: =COUNTIF(K4:O4,"P")/COUNTA(K4:O4) -> 0.4 | R4: 69 | S4: 33 | T4: Yes | U4: =SUM(P4:Q4)/2 -> 0.4
B5: =IFERROR(__xludf.DUMMYFUNCTION("""COMPUTED_VALUE"""),"Kate") -> Kate | C5: =IFERROR(__xludf.DUMMYFUNCTION("""COMPUTED_VALUE"""),"Potter") -> Potter | D5: =IFERROR(__xludf.DUMMYFUNCTION("""COMPUTED_VALUE"""),"KatePotter@gmail.com") -> KatePotter@gmail.com | E5: =IFERROR(__xludf.DUMMYFUNCTION("""COMPUTED_VALUE"""),"Physics1") -> Physics1 | F5: P | G5: P | H5: P | I5: P | J5: P | K5: P | L5: P | M5: P | N5: P | O5: P | P5: =COUNTIF(F5:J5,"P")/COUNTA(F5:J5) -> 1 | Q5: =COUNTIF(K5:O5,"P")/COUNTA(K5:O5) -> 1 | R5: 100 | S5: 84 | T5: Yes | U5: =SUM(P5:Q5)/2 -> 1
B6: =IFERROR(__xludf.DUMMYFUNCTION("""COMPUTED_VALUE"""),"Manny") -> Manny | C6: =IFERROR(__xludf.DUMMYFUNCTION("""COMPUTED_VALUE"""),"Pac") -> Pac | D6: =IFERROR(__xludf.DUMMYFUNCTION("""COMPUTED_VALUE"""),"MannyPac@gmail.com") -> MannyPac@gmail.com | E6: =IFERROR(__xludf.DUMMYFUNCTION("""COMPUTED_VALUE"""),"Physics1") -> Physics1 | F6: A | G6: P | H6: P | I6: P | J6: A | K6: A | L6: P | M6: P | N6: P | O6: A | P6: =COUNTIF(F6:J6,"P")/COUNTA(F6:J6) -> 0.6 | Q6: =COUNTIF(K6:O6,"P")/COUNTA(K6:O6) -> 0.6 | R6: 70 | S6: 79 | T6: Yes | U6: =SUM(P6:Q6)/2 -> 0.6
B7: =IFERROR(__xludf.DUMMYFUNCTION("""COMPUTED_VALUE"""),"Katy") -> Katy | C7: =IFERROR(__xludf.DUMMYFUNCTION("""COMPUTED_VALUE"""),"Perri") -> Perri | D7: =IFERROR(__xludf.DUMMYFUNCTION("""COMPUTED_VALUE"""),"KatyPerri@gmail.com") -> KatyPerri@gmail.com | E7: =IFERROR(__xludf.DUMMYFUNCTION("""COMPUTED_VALUE"""),"Physics1") -> Physics1 | F7: P | G7: P | H7: P | I7: P | J7: P | K7: P | L7: P | M7: P | N7: P | O7: P | P7: =COUNTIF(F7:J7,"P")/COUNTA(F7:J7) -> 1 | Q7: =COUNTIF(K7:O7,"P")/COUNTA(K7:O7) -> 1 | R7: 43 | S7: 100 | T7: Yes | U7: =SUM(P7:Q7)/2 -> 1
B8: =IFERROR(__xludf.DUMMYFUNCTION("""COMPUTED_VALUE"""),"Antony") -> Antony | C8: =IFERROR(__xludf.DUMMYFUNCTION("""COMPUTED_VALUE"""),"Ward") -> Ward | D8: =IFERROR(__xludf.DUMMYFUNCTION("""COMPUTED_VALUE"""),"AntonyWard@gmail.com") -> AntonyWard@gmail.com | E8: =IFERROR(__xludf.DUMMYFUNCTION("""COMPUTED_VALUE"""),"Physics1") -> Physics1 | F8: P | G8: P | H8: P | I8: P | J8: A | K8: P | L8: P | M8: P | N8: P | O8: A | P8: =COUNTIF(F8:J8,"P")/COUNTA(F8:J8) -> 0.8 | Q8: =COUNTIF(K8:O8,"P")/COUNTA(K8:O8) -> 0.8 | R8: 82 | S8: 88 | T8: Yes | U8: =SUM(P8:Q8)/2 -> 0.8
B9: =IFERROR(__xludf.DUMMYFUNCTION("""COMPUTED_VALUE"""),"Billy") -> Billy | C9: =IFERROR(__xludf.DUMMYFUNCTION("""COMPUTED_VALUE"""),"Sane") -> Sane | D9: =IFERROR(__xludf.DUMMYFUNCTION("""COMPUTED_VALUE"""),"BillySane@gmail.com") -> BillySane@gmail.com | E9: =IFERROR(__xludf.DUMMYFUNCTION("""COMPUTED_VALUE"""),"Physics1") -> Physics1 | F9: P | G9: A | H9: P | I9: A | J9: P | K9: P | L9: A | M9: P | N9: A | O9: P | P9: =COUNTIF(F9:J9,"P")/COUNTA(F9:J9) -> 0.6 | Q9: =COUNTIF(K9:O9,"P")/COUNTA(K9:O9) -> 0.6 | R9: 75 | S9: 81 | T9: Yes | U9: =SUM(P9:Q9)/2 -> 0.6
B10: =IFERROR(__xludf.DUMMYFUNCTION("""COMPUTED_VALUE"""),"Ronald") -> Ronald | C10: =IFERROR(__xludf.DUMMYFUNCTION("""COMPUTED_VALUE"""),"Connan") -> Connan | D10: =IFERROR(__xludf.DUMMYFUNCTION("""COMPUTED_VALUE"""),"RonaldConnan@gmail.com") -> RonaldConnan@gmail.com | E10: =IFERROR(__xludf.DUMMYFUNCTION("""COMPUTED_VALUE"""),"Physics1") -> Physics1 | F10: A | G10: A | H10: A | I10: A | J10: P | K10: P | L10: P | M10: P | N10: P | O10: P | P10: =COUNTIF(F10:J10,"P")/COUNTA(F10:J10) -> 0.2 | Q10: =COUNTIF(K10:O10,"P")/COUNTA(K10:O10) -> 1 | R10: 92 | S10: 79 | T10: Yes | U10: =SUM(P10:Q10)/2 -> 0.6
B11: =IFERROR(__xludf.DUMMYFUNCTION("""COMPUTED_VALUE"""),"Anna") -> Anna | C11: =IFERROR(__xludf.DUMMYFUNCTION("""COMPUTED_VALUE"""),"Tsakiris") -> Tsakiris | D11: =IFERROR(__xludf.DUMMYFUNCTION("""COMPUTED_VALUE"""),"AnnaTsakiris@gmail.com") -> AnnaTsakiris@gmail.com | E11: =IFERROR(__xludf.DUMMYFUNCTION("""COMPUTED_VALUE"""),"Physics1") -> Physics1 | F11: P | G11: P | H11: A | I11: P | J11: P | K11: P | L11: P | M11: A | N11: P | O11: P | P11: =COUNTIF(F11:J11,"P")/COUNTA(F11:J11) -> 0.8 | Q11: =COUNTIF(K11:O11,"P")/COUNTA(K11:O11) -> 0.8 | R11: 71 | S11: 79 | T11: Yes | U11: =SUM(P11:Q11)/2 -> 0.8
B12: =IFERROR(__xludf.DUMMYFUNCTION("""COMPUTED_VALUE"""),"Neto") -> Neto | C12: =IFERROR(__xludf.DUMMYFUNCTION("""COMPUTED_VALUE"""),"Juninhio") -> Juninhio | D12: =IFERROR(__xludf.DUMMYFUNCTION("""COMPUTED_VALUE"""),"NetoJuninhio@gmail.com") -> NetoJuninhio@gmail.com | E12: =IFERROR(__xludf.DUMMYFUNCTION("""COMPUTED_VALUE"""),"Physics1") -> Physics1 | F12: P | G12: A | H12: A | I12: P | J12: P | K12: P | L12: A | M12: A | N12: P | O12: P | P12: =COUNTIF(F12:J12,"P")/COUNTA(F12:J12) -> 0.6 | Q12: =COUNTIF(K12:O12,"P")/COUNTA(K12:O12) -> 0.6 | R12: 40 | S12: 66 | T12: No | U12: =SUM(P12:Q12)/2 -> 0.6

Sheet Maths1.DailyAttendance
A1: Maths1 | B1: Name | C1: Surname | D1: email | E1: Class | F1: Week1 Day1 | G1: Week1 Day2 | H1: Week1 Day3 | I1: Week1 Day4 | J1: Week1 Day5 | K1: Week2 Day1 | L1: Week2 Day2 | M1: Week2 Day3 | N1: Week2 Day4 | O1: Week2 Day5 | P1: Week1 Attendance | Q1: Week2 Attendance | R1: 1st Project Score | S1: 2nd Project Score | T1: Final Project Completed | U1: Overall Attendance
B2: =IFERROR(__xludf.DUMMYFUNCTION("FILTER(StudendEnroll!A2:D27,StudendEnroll!D2:D27=A1)"),"Elvis") -> Elvis | C2: =IFERROR(__xludf.DUMMYFUNCTION("""COMPUTED_VALUE"""),"Bond") -> Bond | D2: =IFERROR(__xludf.DUMMYFUNCTION("""COMPUTED_VALUE"""),"ElvisBond@gmail.com") -> ElvisBond@gmail.com | E2: =IFERROR(__xludf.DUMMYFUNCTION("""COMPUTED_VALUE"""),"Maths1") -> Maths1 | F2: P | G2: P | H2: P | I2: P | J2: P | K2: P | L2: P | M2: P | N2: P | O2: A | P2: =COUNTIF(F2:J2,"P")/COUNTA(F2:J2) -> 1 | Q2: =COUNTIF(K2:O2,"P")/COUNTA(K2:O2) -> 0.8 | R2: 96 | S2: 88 | T2: Yes | U2: =SUM(P2:Q2)/2 -> 0.9
B3: =IFERROR(__xludf.DUMMYFUNCTION("""COMPUTED_VALUE"""),"Mary") -> Mary | C3: =IFERROR(__xludf.DUMMYFUNCTION("""COMPUTED_VALUE"""),"Gas") -> Gas | D3: =IFERROR(__xludf.DUMMYFUNCTION("""COMPUTED_VALUE"""),"MaryGas@gmail.com") -> MaryGas@gmail.com | E3: =IFERROR(__xludf.DUMMYFUNCTION("""COMPUTED_VALUE"""),"Maths1") -> Maths1 | F3: P | G3: P | H3: P | I3: P | J3: P | K3: P | L3: P | M3: P | N3: P | O3: A | P3: =COUNTIF(F3:J3,"P")/COUNTA(F3:J3) -> 1 | Q3: =COUNTIF(K3:O3,"P")/COUNTA(K3:O3) -> 0.8 | R3: 55 | S3: 66 | T3: No | U3: =SUM(P3:Q3)/2 -> 0.9
B4: =IFERROR(__xludf.DUMMYFUNCTION("""COMPUTED_VALUE"""),"Robert") -> Robert | C4: =IFERROR(__xludf.DUMMYFUNCTION("""COMPUTED_VALUE"""),"Hus") -> Hus | D4: =IFERROR(__xludf.DUMMYFUNCTION("""COMPUTED_VALUE"""),"RobertHus@gmail.com") -> RobertHus@gmail.com | E4: =IFERROR(__xludf.DUMMYFUNCTION("""COMPUTED_VALUE"""),"Maths1") -> Maths1 | F4: P | G4: P | H4: P | I4: P | J4: P | K4: P | L4: P | M4: P | N4: P | O4: P | P4: =COUNTIF(F4:J4,"P")/COUNTA(F4:J4) -> 1 | Q4: =COUNTIF(K4:O4,"P")/COUNTA(K4:O4) -> 1 | R4: 81 | S4: 99 | T4: Yes | U4: =SUM(P4:Q4)/2 -> 1
B5: =IFERROR(__xludf.DUMMYFUNCTION("""COMPUTED_VALUE"""),"Omar") -> Omar | C5: =IFERROR(__xludf.DUMMYFUNCTION("""COMPUTED_VALUE"""),"Kasim") -> Kasim | D5: =IFERROR(__xludf.DUMMYFUNCTION("""COMPUTED_VALUE"""),"OmarKasim@gmail.com") -> OmarKasim@gmail.com | E5: =IFERROR(__xludf.DUMMYFUNCTION("""COMPUTED_VALUE"""),"Maths1") -> Maths1 | F5: A | G5: A | H5: A | I5: P | J5: P | K5: P | L5: P | M5: A | N5: P | O5: P | P5: =COUNTIF(F5:J5,"P")/COUNTA(F5:J5) -> 0.4 | Q5: =COUNTIF(K5:O5,"P")/COUNTA(K5:O5) -> 0.8 | R5: 77 | S5: 87 | T5: Yes | U5: =SUM(P5:Q5)/2 -> 0.6
B6: =IFERROR(__xludf.DUMMYFUNCTION("""COMPUTED_VALUE"""),"Denis") -> Denis | C6: =IFERROR(__xludf.DUMMYFUNCTION("""COMPUTED_VALUE"""),"Rodman") -> Rodman | D6: =IFERROR(__xludf.DUMMYFUNCTION("""COMPUTED_VALUE"""),"DenisRodman@gmail.com") -> DenisRodman@gmail.com | E6: =IFERROR(__xludf.DUMMYFUNCTION("""COMPUTED_VALUE"""),"Maths1") -> Maths1 | F6: P | G6: P | H6: P | I6: A | J6: P | K6: P | L6: P | M6: P | N6: A | O6: A | P6: =COUNTIF(F6:J6,"P")/COUNTA(F6:J6) -> 0.8 | Q6: =COUNTIF(K6:O6,"P")/COUNTA(K6:O6) -> 0.6 | R6: 80 | S6: 78 | T6: Yes | U6: =SUM(P6:Q6)/2 -> 0.7
B7: =IFERROR(__xludf.DUMMYFUNCTION("""COMPUTED_VALUE"""),"John") -> John | C7: =IFERROR(__xludf.DUMMYFUNCTION("""COMPUTED_VALUE"""),"Baderas") -> Baderas | D7: =IFERROR(__xludf.DUMMYFUNCTION("""COMPUTED_VALUE"""),"JohnBaderas@gmail.com") -> JohnBaderas@gmail.com | E7: =IFERROR(__xludf.DUMMYFUNCTION("""COMPUTED_VALUE"""),"Maths1") -> Maths1 | F7: P | G7: P | H7: P | I7: P | J7: A | K7: P | L7: P | M7: P | N7: P | O7: P | P7: =COUNTIF(F7:J7,"P")/COUNTA(F7:J7) -> 0.8 | Q7: =COUNTIF(K7:O7,"P")/COUNTA(K7:O7) -> 1 | R7: 60 | S7: 94 | T7: Yes | U7: =SUM(P7:Q7)/2 -> 0.9
B8: =IFERROR(__xludf.DUMMYFUNCTION("""COMPUTED_VALUE"""),"Ronald") -> Ronald | C8: =IFERROR(__xludf.DUMMYFUNCTION("""COMPUTED_VALUE"""),"Connan") -> Connan | D8: =IFERROR(__xludf.DUMMYFUNCTION("""COMPUTED_VALUE"""),"RonaldConnan@gmail.com") -> RonaldConnan@gmail.com | E8: =IFERROR(__xludf.DUMMYFUNCTION("""COMPUTED_VALUE"""),"Maths1") -> Maths1 | F8: A | G8: A | H8: P | I8: A | J8: P | K8: P | L8: P | M8: P | N8: P | O8: A | P8: =COUNTIF(F8:J8,"P")/COUNTA(F8:J8) -> 0.4 | Q8: =COUNTIF(K8:O8,"P")/COUNTA(K8:O8) -> 0.8 | R8: 92 | S8: 79 | T8: Yes | U8: =SUM(P8:Q8)/2 -> 0.6
B9: =IFERROR(__xludf.DUMMYFUNCTION("""COMPUTED_VALUE"""),"Dennis") -> Dennis | C9: =IFERROR(__xludf.DUMMYFUNCTION("""COMPUTED_VALUE"""),"Menace") -> Menace | D9: =IFERROR(__xludf.DUMMYFUNCTION("""COMPUTED_VALUE"""),"DennisMenace@gmail.com") -> DennisMenace@gmail.com | E9: =IFERROR(__xludf.DUMMYFUNCTION("""COMPUTED_VALUE"""),"Maths1") -> Maths1 | F9: P | G9: P | H9: P | I9: P | J9: P | K9: P | L9: P | M9: P | N9: P | O9: P | P9: =COUNTIF(F9:J9,"P")/COUNTA(F9:J9) -> 1 | Q9: =COUNTIF(K9:O9,"P")/COUNTA(K9:O9) -> 1 | R9: 73 | S9: 99 | T9: Yes | U9: =SUM(P9:Q9)/2 -> 1
B10: =IFERROR(__xludf.DUMMYFUNCTION("""COMPUTED_VALUE"""),"Ronald") -> Ronald | C10: =IFERROR(__xludf.DUMMYFUNCTION("""COMPUTED_VALUE"""),"Pape") -> Pape | D10: =IFERROR(__xludf.DUMMYFUNCTION("""COMPUTED_VALUE"""),"RonaldPape@gmail.com") -> RonaldPape@gmail.com | E10: =IFERROR(__xludf.DUMMYFUNCTION("""COMPUTED_VALUE"""),"Maths1") -> Maths1 | F10: A | G10: P | H10: P | I10: P | J10: A | K10: A | L10: P | M10: P | N10: P | O10: P | P10: =COUNTIF(F10:J10,"P")/COUNTA(F10:J10) -> 0.6 | Q10: =COUNTIF(K10:O10,"P")/COUNTA(K10:O10) -> 0.8 | R10: 73 | S10: 68 | T10: Yes | U10: =SUM(P10:Q10)/2 -> 0.7
B11: =IFERROR(__xludf.DUMMYFUNCTION("""COMPUTED_VALUE"""),"Walid") -> Walid | C11: =IFERROR(__xludf.DUMMYFUNCTION("""COMPUTED_VALUE"""),"Matip") -> Matip | D11: =IFERROR(__xludf.DUMMYFUNCTION("""COMPUTED_VALUE"""),"WalidMatip@gmail.com") -> WalidMatip@gmail.com | E11: =IFERROR(__xludf.DUMMYFUNCTION("""COMPUTED_VALUE"""),"Maths1") -> Maths1 | F11: P | G11: P | H11: P | I11: P | J11: P | K11: P | L11: P | M11: P | N11: P | O11: A | P11: =COUNTIF(F11:J11,"P")/COUNTA(F11:J11) -> 1 | Q11: =COUNTIF(K11:O11,"P")/COUNTA(K11:O11) -> 0.8 | R11: 88 | S11: 80 | T11: Yes | U11: =SUM(P11:Q11)/2 -> 0.9
B12: =IFERROR(__xludf.DUMMYFUNCTION("""COMPUTED_VALUE"""),"Donna") -> Donna | C12: =IFERROR(__xludf.DUMMYFUNCTION("""COMPUTED_VALUE"""),"Corleone") -> Corleone | D12: =IFERROR(__xludf.DUMMYFUNCTION("""COMPUTED_VALUE"""),"DonnaCorleone@gmail.com") -> DonnaCorleone@gmail.com | E12: =IFERROR(__xludf.DUMMYFUNCTION("""COMPUTED_VALUE"""),"Maths1") -> Maths1 | F12: P | G12: P | H12: P | I12: P | J12: A | K12: P | L12: P | M12: P | N12: P | O12: P | P12: =COUNTIF(F12:J12,"P")/COUNTA(F12:J12) -> 0.8 | Q12: =COUNTIF(K12:O12,"P")/COUNTA(K12:O12) -> 1 | R12: 96 | S12: 90 | T12: Yes | U12: =SUM(P12:Q12)/2 -> 0.9
B13: =IFERROR(__xludf.DUMMYFUNCTION("""COMPUTED_VALUE"""),"Mary") -> Mary | C13: =IFERROR(__xludf.DUMMYFUNCTION("""COMPUTED_VALUE"""),"Connan") -> Connan | D13: =IFERROR(__xludf.DUMMYFUNCTION("""COMPUTED_VALUE"""),"MaryConnan@gmail.com") -> MaryConnan@gmail.com | E13: =IFERROR(__xludf.DUMMYFUNCTION("""COMPUTED_VALUE"""),"Maths1") -> Maths1 | F13: P | G13: A | H13: P | I13: A | J13: P | K13: P | L13: A | M13: P | N13: A | O13: A | P13: =COUNTIF(F13:J13,"P")/COUNTA(F13:J13) -> 0.6 | Q13: =COUNTIF(K13:O13,"P")/COUNTA(K13:O13) -> 0.4 | R13: 100 | S13: 91 | T13: Yes | U13: =SUM(P13:Q13)/2 -> 0.5
B14: =IFERROR(__xludf.DUMMYFUNCTION("""COMPUTED_VALUE"""),"Dustin") -> Dustin | C14: =IFERROR(__xludf.DUMMYFUNCTION("""COMPUTED_VALUE"""),"Boier") -> Boier | D14: =IFERROR(__xludf.DUMMYFUNCTION("""COMPUTED_VALUE"""),"DustinBoier@gmail.com") -> DustinBoier@gmail.com | E14: =IFERROR(__xludf.DUMMYFUNCTION("""COMPUTED_VALUE"""),"Maths1") -> Maths1 | F14: A | G14: A | H14: A | I14: A | J14: A | K14: A | L14: A | M14: A | N14: P | O14: P | P14: =COUNTIF(F14:J14,"P")/COUNTA(F14:J14) -> 0 | Q14: =COUNTIF(K14:O14,"P")/COUNTA(K14:O14) -> 0.4 | R14: 0 | S14: 37 | T14: No | U14: =SUM(P14:Q14)/2 -> 0.2
B15: =IFERROR(__xludf.DUMMYFUNCTION("""COMPUTED_VALUE"""),"Lana") -> Lana | C15: =IFERROR(__xludf.DUMMYFUNCTION("""COMPUTED_VALUE"""),"Andie") -> Andie | D15: =IFERROR(__xludf.DUMMYFUNCTION("""COMPUTED_VALUE"""),"LanaAndie@gmail.com") -> LanaAndie@gmail.com | E15: =IFERROR(__xludf.DUMMYFUNCTION("""COMPUTED_VALUE"""),"Maths1") -> Maths1 | F15: P | G15: P | H15: A | I15: P | J15: P | K15: P | L15: P | M15: A | N15: P | O15: A | P15: =COUNTIF(F15:J15,"P")/COUNTA(F15:J15) -> 0.8 | Q15: =COUNTIF(K15:O15,"P")/COUNTA(K15:O15) -> 0.6 | R15: 97 | S15: 100 | T15: Yes | U15: =SUM(P15:Q15)/2 -> 0.7
B16: =IFERROR(__xludf.DUMMYFUNCTION("""COMPUTED_VALUE"""),"Andres") -> Andres | C16: =IFERROR(__xludf.DUMMYFUNCTION("""COMPUTED_VALUE"""),"Iniesti") -> Iniesti | D16: =IFERROR(__xludf.DUMMYFUNCTION("""COMPUTED_VALUE"""),"AndresIniesti@gmail.com") -> AndresIniesti@gmail.com | E16: =IFERROR(__xludf.DUMMYFUNCTION("""COMPUTED_VALUE"""),"Maths1") -> Maths1 | F16: P | G16: A | H16: P | I16: P | J16: P | K16: P | L16: A | M16: A | N16: P | O16: p | P16: =COUNTIF(F16:J16,"P")/COUNTA(F16:J16) -> 0.8 | Q16: =COUNTIF(K16:O16,"P")/COUNTA(K16:O16) -> 0.6 | R16: 90 | S16: 87 | T16: Yes | U16: =SUM(P16:Q16)/2 -> 0.7

Sheet StudentAssignments
A1: Name | B1: Surname | C1: email | D1: Class | E1: 1st Projoct Score | F1: 2nd Project Score | G1: Final Project Completed
A2: =StudendEnroll!A2 -> John | B2: =StudendEnroll!B2 -> Makaron | C2: =StudendEnroll!C2 -> JohnMakaron@gmail.com | D2: =StudendEnroll!D2 -> Physics1 | E2: {=XLOOKUP(C2,Physics1.DailyAttendance!$D$2:$D$12,Physics1.DailyAttendance!$R$2:$T$12)} -> 85 | F2: 87 | G2: Yes
A3: =StudendEnroll!A3 -> Elvis | B3: =StudendEnroll!B3 -> Bond | C3: =StudendEnroll!C3 -> ElvisBond@gmail.com | D3: =StudendEnroll!D3 -> Maths1 | E3: {=XLOOKUP(C3,Maths1.DailyAttendance!$D$2:$D$16,Maths1.DailyAttendance!$R$2:$T$16)} -> 96 | F3: 88 | G3: Yes
A4: =StudendEnroll!A4 -> Mary | B4: =StudendEnroll!B4 -> Gas | C4: =StudendEnroll!C4 -> MaryGas@gmail.com | D4: =StudendEnroll!D4 -> Maths1 | E4: {=XLOOKUP(C4,Maths1.DailyAttendance!$D$2:$D$16,Maths1.DailyAttendance!$R$2:$T$16)} -> 55 | F4: 66 | G4: No
A5: =StudendEnroll!A5 -> Olivia | B5: =StudendEnroll!B5 -> Matt | C5: =StudendEnroll!C5 -> OliviaMatt@gmail.com | D5: =StudendEnroll!D5 -> Physics1 | E5: {=XLOOKUP(C5,Physics1.DailyAttendance!$D$2:$D$12,Physics1.DailyAttendance!$R$2:$T$12)} -> 88 | F5: 75 | G5: Yes
A6: =StudendEnroll!A6 -> Robert | B6: =StudendEnroll!B6 -> Hus | C6: =StudendEnroll!C6 -> RobertHus@gmail.com | D6: =StudendEnroll!D6 -> Maths1 | E6: {=XLOOKUP(C6,Maths1.DailyAttendance!$D$2:$D$16,Maths1.DailyAttendance!$R$2:$T$16)} -> 81 | F6: 99 | G6: Yes
A7: =StudendEnroll!A7 -> Omar | B7: =StudendEnroll!B7 -> Kasim | C7: =StudendEnroll!C7 -> OmarKasim@gmail.com | D7: =StudendEnroll!D7 -> Maths1 | E7: {=XLOOKUP(C7,Maths1.DailyAttendance!$D$2:$D$16,Maths1.DailyAttendance!$R$2:$T$16)} -> 77 | F7: 87 | G7: Yes
A8: =StudendEnroll!A8 -> Diana | B8: =StudendEnroll!B8 -> Pinto | C8: =StudendEnroll!C8 -> DianaPinto@gmail.com | D8: =StudendEnroll!D8 -> Physics1 | E8: {=XLOOKUP(C8,Physics1.DailyAttendance!$D$2:$D$12,Physics1.DailyAttendance!$R$2:$T$12)} -> 69 | F8: 33 | G8: Yes
A9: =StudendEnroll!A9 -> Denis | B9: =StudendEnroll!B9 -> Rodman | C9: =StudendEnroll!C9 -> DenisRodman@gmail.com | D9: =StudendEnroll!D9 -> Maths1 | E9: {=XLOOKUP(C9,Maths1.DailyAttendance!$D$2:$D$16,Maths1.DailyAttendance!$R$2:$T$16)} -> 80 | F9: 78 | G9: Yes
A10: =StudendEnroll!A10 -> Kate | B10: =StudendEnroll!B10 -> Potter | C10: =StudendEnroll!C10 -> KatePotter@gmail.com | D10: =StudendEnroll!D10 -> Physics1 | E10: {=XLOOKUP(C10,Physics1.DailyAttendance!$D$2:$D$12,Physics1.DailyAttendance!$R$2:$T$12)} -> 100 | F10: 84 | G10: Yes
A11: =StudendEnroll!A11 -> Manny | B11: =StudendEnroll!B11 -> Pac | C11: =StudendEnroll!C11 -> MannyPac@gmail.com | D11: =StudendEnroll!D11 -> Physics1 | E11: {=XLOOKUP(C11,Physics1.DailyAttendance!$D$2:$D$12,Physics1.DailyAttendance!$R$2:$T$12)} -> 70 | F11: 79 | G11: Yes
A12: =StudendEnroll!A12 -> Katy | B12: =StudendEnroll!B12 -> Perri | C12: =StudendEnroll!C12 -> KatyPerri@gmail.com | D12: =StudendEnroll!D12 -> Physics1 | E12: {=XLOOKUP(C12,Physics1.DailyAttendance!$D$2:$D$12,Physics1.DailyAttendance!$R$2:$T$12)} -> 43 | F12: 100 | G12: Yes
A13: =StudendEnroll!A13 -> Antony | B13: =StudendEnroll!B13 -> Ward | C13: =StudendEnroll!C13 -> AntonyWard@gmail.com | D13: =StudendEnroll!D13 -> Physics1 | E13: {=XLOOKUP(C13,Physics1.DailyAttendance!$D$2:$D$12,Physics1.DailyAttendance!$R$2:$T$12)} -> 82 | F13: 88 | G13: Yes
A14: =StudendEnroll!A14 -> Billy | B14: =StudendEnroll!B14 -> Sane | C14: =StudendEnroll!C14 -> BillySane@gmail.com | D14: =StudendEnroll!D14 -> Physics1 | E14: {=XLOOKUP(C14,Physics1.DailyAttendance!$D$2:$D$12,Physics1.DailyAttendance!$R$2:$T$12)} -> 75 | F14: 81 | G14: Yes
A15: =StudendEnroll!A15 -> Ronald | B15: =StudendEnroll!B15 -> Connan | C15: =StudendEnroll!C15 -> RonaldConnan@gmail.com | D15: =StudendEnroll!D15 -> Physics1 | E15: {=XLOOKUP(C15,Physics1.DailyAttendance!$D$2:$D$12,Physics1.DailyAttendance!$R$2:$T$12)} -> 92 | F15: 79 | G15: Yes
A16: =StudendEnroll!A16 -> John | B16: =StudendEnroll!B16 -> Baderas | C16: =StudendEnroll!C16 -> JohnBaderas@gmail.com | D16: =StudendEnroll!D16 -> Maths1 | E16: {=XLOOKUP(C16,Maths1.DailyAttendance!$D$2:$D$16,Maths1.DailyAttendance!$R$2:$T$16)} -> 60 | F16: 94 | G16: Yes
A17: =StudendEnroll!A17 -> Ronald | B17: =StudendEnroll!B17 -> Connan | C17: =StudendEnroll!C17 -> RonaldConnan@gmail.com | D17: =StudendEnroll!D17 -> Maths1 | E17: {=XLOOKUP(C17,Maths1.DailyAttendance!$D$2:$D$16,Maths1.DailyAttendance!$R$2:$T$16)} -> 92 | F17: 79 | G17: Yes
A18: =StudendEnroll!A18 -> Dennis | B18: =StudendEnroll!B18 -> Menace | C18: =StudendEnroll!C18 -> DennisMenace@gmail.com | D18: =StudendEnroll!D18 -> Maths1 | E18: {=XLOOKUP(C18,Maths1.DailyAttendance!$D$2:$D$16,Maths1.DailyAttendance!$R$2:$T$16)} -> 73 | F18: 99 | G18: Yes
A19: =StudendEnroll!A19 -> Ronald | B19: =StudendEnroll!B19 -> Pape | C19: =StudendEnroll!C19 -> RonaldPape@gmail.com | D19: =StudendEnroll!D19 -> Maths1 | E19: {=XLOOKUP(C19,Maths1.DailyAttendance!$D$2:$D$16,Maths1.DailyAttendance!$R$2:$T$16)} -> 73 | F19: 68 | G19: Yes
A20: =StudendEnroll!A20 -> Walid | B20: =StudendEnroll!B20 -> Matip | C20: =StudendEnroll!C20 -> WalidMatip@gmail.com | D20: =StudendEnroll!D20 -> Maths1 | E20: {=XLOOKUP(C20,Maths1.DailyAttendance!$D$2:$D$16,Maths1.DailyAttendance!$R$2:$T$16)} -> 88 | F20: 80 | G20: Yes
A21: =StudendEnroll!A21 -> Donna | B21: =StudendEnroll!B21 -> Corleone | C21: =StudendEnroll!C21 -> DonnaCorleone@gmail.com | D21: =StudendEnroll!D21 -> Maths1 | E21: {=XLOOKUP(C21,Maths1.DailyAttendance!$D$2:$D$16,Maths1.DailyAttendance!$R$2:$T$16)} -> 96 | F21: 90 | G21: Yes
A22: =StudendEnroll!A22 -> Mary | B22: =StudendEnroll!B22 -> Connan | C22: =StudendEnroll!C22 -> MaryConnan@gmail.com | D22: =StudendEnroll!D22 -> Maths1 | E22: {=XLOOKUP(C22,Maths1.DailyAttendance!$D$2:$D$16,Maths1.DailyAttendance!$R$2:$T$16)} -> 100 | F22: 91 | G22: Yes
A23: =StudendEnroll!A23 -> Dustin | B23: =StudendEnroll!B23 -> Boier | C23: =StudendEnroll!C23 -> DustinBoier@gmail.com | D23: =StudendEnroll!D23 -> Maths1 | E23: {=XLOOKUP(C23,Maths1.DailyAttendance!$D$2:$D$16,Maths1.DailyAttendance!$R$2:$T$16)} -> 0 | F23: 37 | G23: No
A24: =StudendEnroll!A24 -> Lana | B24: =StudendEnroll!B24 -> Andie | C24: =StudendEnroll!C24 -> LanaAndie@gmail.com | D24: =StudendEnroll!D24 -> Maths1 | E24: {=XLOOKUP(C24,Maths1.DailyAttendance!$D$2:$D$16,Maths1.DailyAttendance!$R$2:$T$16)} -> 97 | F24: 100 | G24: Yes
A25: =StudendEnroll!A25 -> Anna | B25: =StudendEnroll!B25 -> Tsakiris | C25: =StudendEnroll!C25 -> AnnaTsakiris@gmail.com | D25: =StudendEnroll!D25 -> Physics1 | E25: {=XLOOKUP(C25,Physics1.DailyAttendance!$D$2:$D$12,Physics1.DailyAttendance!$R$2:$T$12)} -> 71 | F25: 79 | G25: Yes
A26: =StudendEnroll!A26 -> Neto | B26: =StudendEnroll!B26 -> Juninhio | C26: =StudendEnroll!C26 -> NetoJuninhio@gmail.com | D26: =StudendEnroll!D26 -> Physics1 | E26: {=XLOOKUP(C26,Physics1.DailyAttendance!$D$2:$D$12,Physics1.DailyAttendance!$R$2:$T$12)} -> 40 | F26: 66 | G26: No
A27: =StudendEnroll!A27 -> Andres | B27: =StudendEnroll!B27 -> Iniesti | C27: =StudendEnroll!C27 -> AndresIniesti@gmail.com | D27: =StudendEnroll!D27 -> Maths1 | E27: {=XLOOKUP(C27,Maths1.DailyAttendance!$D$2:$D$16,Maths1.DailyAttendance!$R$2:$T$16)} -> 90 | F27: 87 | G27: Yes

Sheet Certificate Score
A1: Name | B1: Surname | C1: email | D1: Class | E1: Certificate Grade | F1: Attendance | G1: 1st test score | H1: 2nd test score | I1: Final Assignment | J1: Status | M1: Certification Score
A2: John | B2: Makaron | C2: =A2&B2&"@gmail.com" -> JohnMakaron@gmail.com | D2: Physics1 | E2: =ROUND(SUM(F2:I2),0) -> 88 | F2: {=ROUND(XLOOKUP(C2,StudentTracker!$C$2:$C$27,StudentTracker!$E$2:$E$27),2)*40} -> 32 | G2: {=ROUND(XLOOKUP(C2,StudentTracker!$C$2:$C$27,StudentTracker!$F$2:$F$27),1)*0.15} -> 12.75 | H2: {=ROUND(XLOOKUP(C2,StudentTracker!$C$2:$C$27,StudentTracker!$G$2:$G$27),2)*0.15} -> 13.05 | I2: {=IF(XLOOKUP(C2,StudentTracker!$C$2:$C$27,StudentTracker!$H$2:$H$27)="Yes",30,0)} -> 30 | J2: =IFS(E2<70,"Fail",E2>85,"Excellent",OR(E2<=85,E2>=70),"Good") -> Excellent | U2: Percentage
A3: Elvis | B3: Bond | C3: =A3&B3&"@gmail.com" -> ElvisBond@gmail.com | D3: Maths1 | E3: =ROUND(SUM(F3:I3),0) -> 98 | F3: {=ROUND(XLOOKUP(C3,StudentTracker!$C$2:$C$27,StudentTracker!$E$2:$E$27),2)*40} -> 40 | G3: {=ROUND(XLOOKUP(C3,StudentTracker!$C$2:$C$27,StudentTracker!$F$2:$F$27),0)*0.15} -> 14.4 | H3: {=ROUND(XLOOKUP(C3,StudentTracker!$C$2:$C$27,StudentTracker!$G$2:$G$27),2)*0.15} -> 13.2 | I3: {=IF(XLOOKUP(C3,StudentTracker!$C$2:$C$27,StudentTracker!$H$2:$H$27)="Yes",30,0)} -> 30 | J3: =IFS(E3<70,"Fail",E3>85,"Excellent",OR(E3<=85,E3>=70),"Good") -> Excellent | N3: Attendance | U3: 40
A4: Mary | B4: Gas | C4: =A4&B4&"@gmail.com" -> MaryGas@gmail.com | D4: Maths1 | E4: =ROUND(SUM(F4:I4),0) -> 58 | F4: {=ROUND(XLOOKUP(C4,StudentTracker!$C$2:$C$27,StudentTracker!$E$2:$E$27),2)*40} -> 40 | G4: {=ROUND(XLOOKUP(C4,StudentTracker!$C$2:$C$27,StudentTracker!$F$2:$F$27),0)*0.15} -> 8.25 | H4: {=ROUND(XLOOKUP(C4,StudentTracker!$C$2:$C$27,StudentTracker!$G$2:$G$27),2)*0.15} -> 9.9 | I4: {=IF(XLOOKUP(C4,StudentTracker!$C$2:$C$27,StudentTracker!$H$2:$H$27)="Yes",30,0)} -> 0 | J4: =IFS(E4<70,"Fail",E4>85,"Excellent",OR(E4<=85,E4>=70),"Good") -> Fail | N4: Test1 | U4: 15
A5: Olivia | B5: Matt | C5: =A5&B5&"@gmail.com" -> OliviaMatt@gmail.com | D5: Physics1 | E5: =ROUND(SUM(F5:I5),0) -> 86 | F5: {=ROUND(XLOOKUP(C5,StudentTracker!$C$2:$C$27,StudentTracker!$E$2:$E$27),2)*40} -> 32 | G5: {=ROUND(XLOOKUP(C5,StudentTracker!$C$2:$C$27,StudentTracker!$F$2:$F$27),0)*0.15} -> 13.2 | H5: {=ROUND(XLOOKUP(C5,StudentTracker!$C$2:$C$27,StudentTracker!$G$2:$G$27),2)*0.15} -> 11.25 | I5: {=IF(XLOOKUP(C5,StudentTracker!$C$2:$C$27,StudentTracker!$H$2:$H$27)="Yes",30,0)} -> 30 | J5: =IFS(E5<70,"Fail",E5>85,"Excellent",OR(E5<=85,E5>=70),"Good") -> Excellent | N5: Test2 | U5: 15
A6: Robert | B6: Hus | C6: =A6&B6&"@gmail.com" -> RobertHus@gmail.com | D6: Maths1 | E6: =ROUND(SUM(F6:I6),0) -> 97 | F6: {=ROUND(XLOOKUP(C6,StudentTracker!$C$2:$C$27,StudentTracker!$E$2:$E$27),2)*40} -> 40 | G6: {=ROUND(XLOOKUP(C6,StudentTracker!$C$2:$C$27,StudentTracker!$F$2:$F$27),0)*0.15} -> 12.15 | H6: {=ROUND(XLOOKUP(C6,StudentTracker!$C$2:$C$27,StudentTracker!$G$2:$G$27),2)*0.15} -> 14.85 | I6: {=IF(XLOOKUP(C6,StudentTracker!$C$2:$C$27,StudentTracker!$H$2:$H$27)="Yes",30,0)} -> 30 | J6: =IFS(E6<70,"Fail",E6>85,"Excellent",OR(E6<=85,E6>=70),"Good") -> Excellent | N6: Final assignment | U6: 30
A7: Omar | B7: Kasim | C7: =A7&B7&"@gmail.com" -> OmarKasim@gmail.com | D7: Maths1 | E7: =ROUND(SUM(F7:I7),0) -> 71 | F7: {=ROUND(XLOOKUP(C7,StudentTracker!$C$2:$C$27,StudentTracker!$E$2:$E$27),2)*40} -> 16 | G7: {=ROUND(XLOOKUP(C7,StudentTracker!$C$2:$C$27,StudentTracker!$F$2:$F$27),0)*0.15} -> 11.55 | H7: {=ROUND(XLOOKUP(C7,StudentTracker!$C$2:$C$27,StudentTracker!$G$2:$G$27),2)*0.15} -> 13.05 | I7: {=IF(XLOOKUP(C7,StudentTracker!$C$2:$C$27,StudentTracker!$H$2:$H$27)="Yes",30,0)} -> 30 | J7: =IFS(E7<70,"Fail",E7>85,"Excellent",OR(E7<=85,E7>=70),"Good") -> Good | N7: Overall | U7: 100
A8: Diana | B8: Pinto | C8: =A8&B8&"@gmail.com" -> DianaPinto@gmail.com | D8: Physics1 | E8: =ROUND(SUM(F8:I8),0) -> 61 | F8: {=ROUND(XLOOKUP(C8,StudentTracker!$C$2:$C$27,StudentTracker!$E$2:$E$27),2)*40} -> 16 | G8: {=ROUND(XLOOKUP(C8,StudentTracker!$C$2:$C$27,StudentTracker!$F$2:$F$27),0)*0.15} -> 10.35 | H8: {=ROUND(XLOOKUP(C8,StudentTracker!$C$2:$C$27,StudentTracker!$G$2:$G$27),2)*0.15} -> 4.95 | I8: {=IF(XLOOKUP(C8,StudentTracker!$C$2:$C$27,StudentTracker!$H$2:$H$27)="Yes",30,0)} -> 30 | J8: =IFS(E8<70,"Fail",E8>85,"Excellent",OR(E8<=85,E8>=70),"Good") -> Fail | N8: Score to pass | U8: >=70
A9: Denis | B9: Rodman | C9: =A9&B9&"@gmail.com" -> DenisRodman@gmail.com | D9: Maths1 | E9: =ROUND(SUM(F9:I9),0) -> 86 | F9: {=ROUND(XLOOKUP(C9,StudentTracker!$C$2:$C$27,StudentTracker!$E$2:$E$27),2)*40} -> 32 | G9: {=ROUND(XLOOKUP(C9,StudentTracker!$C$2:$C$27,StudentTracker!$F$2:$F$27),0)*0.15} -> 12 | H9: {=ROUND(XLOOKUP(C9,StudentTracker!$C$2:$C$27,StudentTracker!$G$2:$G$27),2)*0.15} -> 11.7 | I9: {=IF(XLOOKUP(C9,StudentTracker!$C$2:$C$27,StudentTracker!$H$2:$H$27)="Yes",30,0)} -> 30 | J9: =IFS(E9<70,"Fail",E9>85,"Excellent",OR(E9<=85,E9>=70),"Good") -> Excellent | N9: Score Good | U9: >70<85
A10: Kate | B10: Potter | C10: =A10&B10&"@gmail.com" -> KatePotter@gmail.com | D10: Physics1 | E10: =ROUND(SUM(F10:I10),0) -> 98 | F10: {=ROUND(XLOOKUP(C10,StudentTracker!$C$2:$C$27,StudentTracker!$E$2:$E$27),2)*40} -> 40 | G10: {=ROUND(XLOOKUP(C10,StudentTracker!$C$2:$C$27,StudentTracker!$F$2:$F$27),0)*0.15} -> 15 | H10: {=ROUND(XLOOKUP(C10,StudentTracker!$C$2:$C$27,StudentTracker!$G$2:$G$27),2)*0.15} -> 12.6 | I10: {=IF(XLOOKUP(C10,StudentTracker!$C$2:$C$27,StudentTracker!$H$2:$H$27)="Yes",30,0)} -> 30 | J10: =IFS(E10<70,"Fail",E10>85,"Excellent",OR(E10<=85,E10>=70),"Good") -> Excellent | N10: Score Excellent | U10: >85
A11: Manny | B11: Pac | C11: =A11&B11&"@gmail.com" -> MannyPac@gmail.com | D11: Physics1 | E11: =ROUND(SUM(F11:I11),0) -> 76 | F11: {=ROUND(XLOOKUP(C11,StudentTracker!$C$2:$C$27,StudentTracker!$E$2:$E$27),2)*40} -> 24 | G11: {=ROUND(XLOOKUP(C11,StudentTracker!$C$2:$C$27,StudentTracker!$F$2:$F$27),0)*0.15} -> 10.5 | H11: {=ROUND(XLOOKUP(C11,StudentTracker!$C$2:$C$27,StudentTracker!$G$2:$G$27),2)*0.15} -> 11.85 | I11: {=IF(XLOOKUP(C11,StudentTracker!$C$2:$C$27,StudentTracker!$H$2:$H$27)="Yes",30,0)} -> 30 | J11: =IFS(E11<70,"Fail",E11>85,"Excellent",OR(E11<=85,E11>=70),"Good") -> Good
A12: Katy | B12: Perri | C12: =A12&B12&"@gmail.com" -> KatyPerri@gmail.com | D12: Physics1 | E12: =ROUND(SUM(F12:I12),0) -> 91 | F12: {=ROUND(XLOOKUP(C12,StudentTracker!$C$2:$C$27,StudentTracker!$E$2:$E$27),2)*40} -> 40 | G12: {=ROUND(XLOOKUP(C12,StudentTracker!$C$2:$C$27,StudentTracker!$F$2:$F$27),0)*0.15} -> 6.45 | H12: {=ROUND(XLOOKUP(C12,StudentTracker!$C$2:$C$27,StudentTracker!$G$2:$G$27),2)*0.15} -> 15 | I12: {=IF(XLOOKUP(C12,StudentTracker!$C$2:$C$27,StudentTracker!$H$2:$H$27)="Yes",30,0)} -> 30 | J12: =IFS(E12<70,"Fail",E12>85,"Excellent",OR(E12<=85,E12>=70),"Good") -> Excellent
A13: Antony | B13: Ward | C13: =A13&B13&"@gmail.com" -> AntonyWard@gmail.com | D13: Physics1 | E13: =ROUND(SUM(F13:I13),0) -> 88 | F13: {=ROUND(XLOOKUP(C13,StudentTracker!$C$2:$C$27,StudentTracker!$E$2:$E$27),2)*40} -> 32 | G13: {=ROUND(XLOOKUP(C13,StudentTracker!$C$2:$C$27,StudentTracker!$F$2:$F$27),0)*0.15} -> 12.3 | H13: {=ROUND(XLOOKUP(C13,StudentTracker!$C$2:$C$27,StudentTracker!$G$2:$G$27),2)*0.15} -> 13.2 | I13: {=IF(XLOOKUP(C13,StudentTracker!$C$2:$C$27,StudentTracker!$H$2:$H$27)="Yes",30,0)} -> 30 | J13: =IFS(E13<70,"Fail",E13>85,"Excellent",OR(E13<=85,E13>=70),"Good") -> Excellent
A14: Billy | B14: Sane | C14: =A14&B14&"@gmail.com" -> BillySane@gmail.com | D14: Physics1 | E14: =ROUND(SUM(F14:I14),0) -> 77 | F14: {=ROUND(XLOOKUP(C14,StudentTracker!$C$2:$C$27,StudentTracker!$E$2:$E$27),2)*40} -> 24 | G14: {=ROUND(XLOOKUP(C14,StudentTracker!$C$2:$C$27,StudentTracker!$F$2:$F$27),0)*0.15} -> 11.25 | H14: {=ROUND(XLOOKUP(C14,StudentTracker!$C$2:$C$27,StudentTracker!$G$2:$G$27),2)*0.15} -> 12.15 | I14: {=IF(XLOOKUP(C14,StudentTracker!$C$2:$C$27,StudentTracker!$H$2:$H$27)="Yes",30,0)} -> 30 | J14: =IFS(E14<70,"Fail",E14>85,"Excellent",OR(E14<=85,E14>=70),"Good") -> Good
A15: Ronald | B15: Connan | C15: =A15&B15&"@gmail.com" -> RonaldConnan@gmail.com | D15: Physics1 | E15: =ROUND(SUM(F15:I15),0) -> 80 | F15: {=ROUND(XLOOKUP(C15,StudentTracker!$C$2:$C$27,StudentTracker!$E$2:$E$27),2)*40} -> 24 | G15: {=ROUND(XLOOKUP(C15,StudentTracker!$C$2:$C$27,StudentTracker!$F$2:$F$27),0)*0.15} -> 13.8 | H15: {=ROUND(XLOOKUP(C15,StudentTracker!$C$2:$C$27,StudentTracker!$G$2:$G$27),2)*0.15} -> 11.85 | I15: {=IF(XLOOKUP(C15,StudentTracker!$C$2:$C$27,StudentTracker!$H$2:$H$27)="Yes",30,0)} -> 30 | J15: =IFS(E15<70,"Fail",E15>85,"Excellent",OR(E15<=85,E15>=70),"Good") -> Good
A16: John | B16: Baderas | C16: =A16&B16&"@gmail.com" -> JohnBaderas@gmail.com | D16: Maths1 | E16: =ROUND(SUM(F16:I16),0) -> 85 | F16: {=ROUND(XLOOKUP(C16,StudentTracker!$C$2:$C$27,StudentTracker!$E$2:$E$27),2)*40} -> 32 | G16: {=ROUND(XLOOKUP(C16,StudentTracker!$C$2:$C$27,StudentTracker!$F$2:$F$27),0)*0.15} -> 9 | H16: {=ROUND(XLOOKUP(C16,StudentTracker!$C$2:$C$27,StudentTracker!$G$2:$G$27),2)*0.15} -> 14.1 | I16: {=IF(XLOOKUP(C16,StudentTracker!$C$2:$C$27,StudentTracker!$H$2:$H$27)="Yes",30,0)} -> 30 | J16: =IFS(E16<70,"Fail",E16>85,"Excellent",OR(E16<=85,E16>=70),"Good") -> Good
A17: Ronald | B17: Connan | C17: =A17&B17&"@gmail.com" -> RonaldConnan@gmail.com | D17: Maths1 | E17: =ROUND(SUM(F17:I17),0) -> 80 | F17: {=ROUND(XLOOKUP(C17,StudentTracker!$C$2:$C$27,StudentTracker!$E$2:$E$27),2)*40} -> 24 | G17: {=ROUND(XLOOKUP(C17,StudentTracker!$C$2:$C$27,StudentTracker!$F$2:$F$27),0)*0.15} -> 13.8 | H17: {=ROUND(XLOOKUP(C17,StudentTracker!$C$2:$C$27,StudentTracker!$G$2:$G$27),2)*0.15} -> 11.85 | I17: {=IF(XLOOKUP(C17,StudentTracker!$C$2:$C$27,StudentTracker!$H$2:$H$27)="Yes",30,0)} -> 30 | J17: =IFS(E17<70,"Fail",E17>85,"Excellent",OR(E17<=85,E17>=70),"Good") -> Good
A18: Dennis | B18: Menace | C18: =A18&B18&"@gmail.com" -> DennisMenace@gmail.com | D18: Maths1 | E18: =ROUND(SUM(F18:I18),0) -> 96 | F18: {=ROUND(XLOOKUP(C18,StudentTracker!$C$2:$C$27,StudentTracker!$E$2:$E$27),2)*40} -> 40 | G18: {=ROUND(XLOOKUP(C18,StudentTracker!$C$2:$C$27,StudentTracker!$F$2:$F$27),0)*0.15} -> 10.95 | H18: {=ROUND(XLOOKUP(C18,StudentTracker!$C$2:$C$27,StudentTracker!$G$2:$G$27),2)*0.15} -> 14.85 | I18: {=IF(XLOOKUP(C18,StudentTracker!$C$2:$C$27,StudentTracker!$H$2:$H$27)="Yes",30,0)} -> 30 | J18: =IFS(E18<70,"Fail",E18>85,"Excellent",OR(E18<=85,E18>=70),"Good") -> Excellent
A19: Ronald | B19: Pape | C19: =A19&B19&"@gmail.com" -> RonaldPape@gmail.com | D19: Maths1 | E19: =ROUND(SUM(F19:I19),0) -> 75 | F19: {=ROUND(XLOOKUP(C19,StudentTracker!$C$2:$C$27,StudentTracker!$E$2:$E$27),2)*40} -> 24 | G19: {=ROUND(XLOOKUP(C19,StudentTracker!$C$2:$C$27,StudentTracker!$F$2:$F$27),0)*0.15} -> 10.95 | H19: {=ROUND(XLOOKUP(C19,StudentTracker!$C$2:$C$27,StudentTracker!$G$2:$G$27),2)*0.15} -> 10.2 | I19: {=IF(XLOOKUP(C19,StudentTracker!$C$2:$C$27,StudentTracker!$H$2:$H$27)="Yes",30,0)} -> 30 | J19: =IFS(E19<70,"Fail",E19>85,"Excellent",OR(E19<=85,E19>=70),"Good") -> Good
A20: Walid | B20: Matip | C20: =A20&B20&"@gmail.com" -> WalidMatip@gmail.com | D20: Maths1 | E20: =ROUND(SUM(F20:I20),0) -> 95 | F20: {=ROUND(XLOOKUP(C20,StudentTracker!$C$2:$C$27,StudentTracker!$E$2:$E$27),2)*40} -> 40 | G20: {=ROUND(XLOOKUP(C20,StudentTracker!$C$2:$C$27,StudentTracker!$F$2:$F$27),0)*0.15} -> 13.2 | H20: {=ROUND(XLOOKUP(C20,StudentTracker!$C$2:$C$27,StudentTracker!$G$2:$G$27),2)*0.15} -> 12 | I20: {=IF(XLOOKUP(C20,StudentTracker!$C$2:$C$27,StudentTracker!$H$2:$H$27)="Yes",30,0)} -> 30 | J20: =IFS(E20<70,"Fail",E20>85,"Excellent",OR(E20<=85,E20>=70),"Good") -> Excellent
A21: Donna | B21: Corleone | C21: =A21&B21&"@gmail.com" -> DonnaCorleone@gmail.com | D21: Maths1 | E21: =ROUND(SUM(F21:I21),0) -> 90 | F21: {=ROUND(XLOOKUP(C21,StudentTracker!$C$2:$C$27,StudentTracker!$E$2:$E$27),2)*40} -> 32 | G21: {=ROUND(XLOOKUP(C21,StudentTracker!$C$2:$C$27,StudentTracker!$F$2:$F$27),0)*0.15} -> 14.4 | H21: {=ROUND(XLOOKUP(C21,StudentTracker!$C$2:$C$27,StudentTracker!$G$2:$G$27),2)*0.15} -> 13.5 | I21: {=IF(XLOOKUP(C21,StudentTracker!$C$2:$C$27,StudentTracker!$H$2:$H$27)="Yes",30,0)} -> 30 | J21: =IFS(E21<70,"Fail",E21>85,"Excellent",OR(E21<=85,E21>=70),"Good") -> Excellent
A22: Mary | B22: Connan | C22: =A22&B22&"@gmail.com" -> MaryConnan@gmail.com | D22: Maths1 | E22: =ROUND(SUM(F22:I22),0) -> 83 | F22: {=ROUND(XLOOKUP(C22,StudentTracker!$C$2:$C$27,StudentTracker!$E$2:$E$27),2)*40} -> 24 | G22: {=ROUND(XLOOKUP(C22,StudentTracker!$C$2:$C$27,StudentTracker!$F$2:$F$27),0)*0.15} -> 15 | H22: {=ROUND(XLOOKUP(C22,StudentTracker!$C$2:$C$27,StudentTracker!$G$2:$G$27),2)*0.15} -> 13.65 | I22: {=IF(XLOOKUP(C22,StudentTracker!$C$2:$C$27,StudentTracker!$H$2:$H$27)="Yes",30,0)} -> 30 | J22: =IFS(E22<70,"Fail",E22>85,"Excellent",OR(E22<=85,E22>=70),"Good") -> Good
... A27: Andres | B27: Iniesti | C27: =A27&B27&"@gmail.com" -> AndresIniesti@gmail.com | D27: Maths1 | E27: =ROUND(SUM(F27:I27),0) -> 89 | F27: {=ROUND(XLOOKUP(C27,StudentTracker!$C$2:$C$27,StudentTracker!$E$2:$E$27),2)*40} -> 32 | G27: {=ROUND(XLOOKUP(C27,StudentTracker!$C$2:$C$27,StudentTracker!$F$2:$F$27),0)*0.15} -> 13.5 | H27: {=ROUND(XLOOKUP(C27,StudentTracker!$C$2:$C$27,StudentTracker!$G$2:$G$27),2)*0.15} -> 13.05 | I27: {=IF(XLOOKUP(C27,StudentTracker!$C$2:$C$27,StudentTracker!$H$2:$H$27)="Yes",30,0)} -> 30 | J27: =IFS(E27<70,"Fail",E27>85,"Excellent",OR(E27<=85,E27>=70),"Good") -> Excellent

Sheet Sheet1
A1: Name | B1: Surname | C1: email | D1: Class | E1: 1d | F1: Week1 | G1: Week2 | H1: Week3 | I1: Week4 | J1: Week5
A2: John | B2: Makaron | C2: JohnMakaron@gmail.com | D2: Physics1 | E2: P | F2: 0.9 | G2: 0.6 | H2: 0.3 | K2: {=IF(INDEX(F2:J2,COUNTA(F2:J2))<INDEX((F2:J2)-1,COUNTA(F2:J2)-1*0.95),"Send Email","Do not send email")} -> Do not send email | M2: =IF(INDEX(F2:J2, COUNTA(F1:J1)) < (INDEX(F2:J2, COUNTA(F1:J1)-1) * 0.95), "Send Email", "Do Not Send") -> Do Not Send
A3: Olivia | B3: Matt | C3: OliviaMatt@gmail.com | D3: Physics1 | E3: P | F3: 0.8 | G3: 0.9 | H3: 1 | K3: =IF(INDEX(F3:J3,COUNTA(F3:J3))<INDEX((F3:J3)-1,COUNTA(F3:J3)-1),"Send Email","Do not send email") -> Do not send email | M3: =IF(INDEX(F3:J3, COUNTA(F2:J2)) < (INDEX(F3:J3, COUNTA(F2:J2)-1) * 0.95), "Send Email", "Do Not Send") -> Do Not Send
A4: Diana | B4: Pinto | C4: DianaPinto@gmail.com | D4: Physics1 | E4: A | F4: 0.4 | G4: 7 | H4: 0.5 | K4: =IF(INDEX(F4:J4,COUNTA(F4:J4))<INDEX((F4:J4)-1,COUNTA(F4:J4)-1),"Send Email","Do not send email") -> Send Email | M4: =IF(INDEX(F4:J4, COUNTA(F3:J3)) < (INDEX(F4:J4, COUNTA(F3:J3)-1) * 0.95), "Send Email", "Do Not Send") -> Send Email
A5: Kate | B5: Potter | C5: KatePotter@gmail.com | D5: Physics1 | E5: P | F5: 1 | G5: 0.8 | H5: 1 | K5: =IF(INDEX(F5:J5,COUNTA(F5:J5))<INDEX((F5:J5)-1,COUNTA(F5:J5)-1),"Send Email","Do not send email") -> Do not send email | M5: =IF(INDEX(F5:J5, COUNTA(F4:J4)) < (INDEX(F5:J5, COUNTA(F4:J4)-1) * 0.95), "Send Email", "Do Not Send") -> Do Not Send
A6: Manny | B6: Pac | C6: MannyPac@gmail.com | D6: Physics1 | E6: A | F6: 0.6 | G6: 0.6 | H6: 0.6 | K6: =IF(INDEX(F6:J6,COUNTA(F6:J6))<INDEX((F6:J6)-1,COUNTA(F6:J6)-1),"Send Email","Do not send email") -> Do not send email | M6: =IF(INDEX(F6:J6, COUNTA(F5:J5)) < (INDEX(F6:J6, COUNTA(F5:J5)-1) * 0.95), "Send Email", "Do Not Send") -> Do Not Send
A7: Katy | B7: Perri | C7: KatyPerri@gmail.com | D7: Physics1 | E7: P | F7: 1 | G7: 0.8 | H7: 1 | K7: =IF(INDEX(F7:J7,COUNTA(F7:J7))<INDEX((F7:J7)-1,COUNTA(F7:J7)-1),"Send Email","Do not send email") -> Do not send email | M7: =IF(INDEX(F7:J7, COUNTA(F6:J6)) < (INDEX(F7:J7, COUNTA(F6:J6)-1) * 0.95), "Send Email", "Do Not Send") -> Do Not Send
A8: Antony | B8: Ward | C8: AntonyWard@gmail.com | D8: Physics1 | E8: P | F8: 0.8 | G8: 0.6 | H8: 0.8 | K8: =IF(INDEX(F8:J8,COUNTA(F8:J8))<INDEX((F8:J8)-1,COUNTA(F8:J8)-1),"Send Email","Do not send email") -> Do not send email | M8: =IF(INDEX(F8:J8, COUNTA(F7:J7)) < (INDEX(F8:J8, COUNTA(F7:J7)-1) * 0.95), "Send Email", "Do Not Send") -> Do Not Send
A9: Billy | B9: Sane | C9: BillySane@gmail.com | D9: Physics1 | E9: P | F9: 0.6 | G9: 0.4 | H9: 0.6 | K9: =IF(INDEX(F9:J9,COUNTA(F9:J9))<INDEX((F9:J9)-1,COUNTA(F9:J9)-1),"Send Email","Do not send email") -> Do not send email | M9: =IF(INDEX(F9:J9, COUNTA(F8:J8)) < (INDEX(F9:J9, COUNTA(F8:J8)-1) * 0.95), "Send Email", "Do Not Send") -> Do Not Send
A10: Ronald | B10: Connan | C10: RonaldConnan@gmail.com | D10: Physics1 | E10: A | F10: 0 | G10: 0 | H10: 0 | K10: =IF(INDEX(F10:J10,COUNTA(F10:J10))<INDEX((F10:J10)-1,COUNTA(F10:J10)-1),"Send Email","Do not send email") -> Do not send email | M10: =IF(INDEX(F10:J10, COUNTA(F9:J9)) < (INDEX(F10:J10, COUNTA(F9:J9)-1) * 0.95), "Send Email", "Do Not Send") -> Do Not Send
A11: Anna | B11: Tsakiris | C11: AnnaTsakiris@gmail.com | D11: Physics1 | E11: P | F11: 0.8 | G11: 0.6 | H11: 0.8 | K11: =IF(INDEX(F11:J11,COUNTA(F11:J11))<INDEX((F11:J11)-1,COUNTA(F11:J11)-1),"Send Email","Do not send email") -> Do not send email | M11: =IF(INDEX(F11:J11, COUNTA(F10:J10)) < (INDEX(F11:J11, COUNTA(F10:J10)-1) * 0.95), "Send Email", "Do Not Send") -> Do Not Send
A12: Neto | B12: Juninhio | C12: NetoJuninhio@gmail.com | D12: Physics1 | E12: P | F12: 0.6 | G12: 0.4 | H12: 0.6 | K12: =IF(INDEX(F12:J12,COUNTA(F12:J12))<INDEX((F12:J12)-1,COUNTA(F12:J12)-1),"Send Email","Do not send email") -> Do not send email | M12: =IF(INDEX(F12:J12, COUNTA(F11:J11)) < (INDEX(F12:J12, COUNTA(F11:J11)-1) * 0.95), "Send Email", "Do Not Send") -> Do Not Send
G20: {=IF(INDEX(F2:J2, COUNTA(F1:J1)) < (INDEX(F2:J2, COUNTA(F1:J1)-1) * 0.95), "Send Email", "Do Not Send")} -> Do Not Send
